{
  "SNDL": {
    "score": 25,
    "rsi": 46.428577510673485,
    "volume_ratio": 0.9893198980031782,
    "price_momentum": -0.0005104536858977271,
    "current_price": 1.2799999713897705,
    "sma_20": 1.3014999866485595
  },
  "NOK": {
    "score": 25,
    "rsi": 41.11676699609575,
    "volume_ratio": 1.0298508159576285,
    "price_momentum": -0.004321968187772718,
    "current_price": 5.175000190734863,
    "sma_20": 5.323250007629395
  },
  "F": {
    "score": 75,
    "rsi": 55.299533094724104,
    "volume_ratio": 0.7457117250154142,
    "price_momentum": 0.0021343998378238415,
    "current_price": 10.449999809265137,
    "sma_20": 10.358999967575073
  },
  "BBD": {
    "score": 50,
    "rsi": 73.62635577593693,
    "volume_ratio": 0.8173059759615889,
    "price_momentum": 0.005617337982342952,
    "current_price": 3.0950000286102295,
    "sma_20": 2.914750003814697
  },
  "TLRY": {
    "score": 25,
    "rsi": 31.972784058716925,
    "volume_ratio": 0.7446345661215983,
    "price_momentum": -0.00640958586770809,
    "current_price": 0.3804999887943268,
    "sma_20": 0.4190249964594841
  },
  "NIO": {
    "score": 25,
    "rsi": 39.91416115780111,
    "volume_ratio": 0.6731745692374782,
    "price_momentum": -0.008110516957594804,
    "current_price": 3.444999933242798,
    "sma_20": 3.647749996185303
  },
  "WKHS": {
    "score": 75,
    "rsi": 51.97961759092047,
    "volume_ratio": 0.5885304745679768,
    "price_momentum": 0.007583243420248675,
    "current_price": 0.9801999926567078,
    "sma_20": 0.944159996509552
  },
  "CLOV": {
    "score": 0,
    "rsi": 29.41177177711448,
    "volume_ratio": 0.910061177938121,
    "price_momentum": -0.006385621605703029,
    "current_price": 2.884999990463257,
    "sma_20": 3.070750021934509
  },
  "AMC": {
    "score": 25,
    "rsi": 30.10752164417542,
    "volume_ratio": 0.49339127261035987,
    "price_momentum": -0.010611958959121226,
    "current_price": 3.049999952316284,
    "sma_20": 3.3135000348091124
  },
  "BB": {
    "score": 75,
    "rsi": 67.99999046325911,
    "volume_ratio": 1.0225938940367667,
    "price_momentum": 0.00843741949311001,
    "current_price": 4.349999904632568,
    "sma_20": 4.0805000305175785
  },
  "ATOS": {
    "score": 25,
    "rsi": 59.93130967606233,
    "volume_ratio": 0.801634473385107,
    "price_momentum": -0.003221406283334649,
    "current_price": 0.8294000029563904,
    "sma_20": 0.8479699999094009
  },
  "CTXR": {
    "score": 75,
    "rsi": 56.68044141593717,
    "volume_ratio": 0.1033160443857616,
    "price_momentum": 0.02096690975847203,
    "current_price": 0.8999999761581421,
    "sma_20": 0.844949996471405
  },
  "SENS": {
    "score": 25,
    "rsi": 38.96716768078372,
    "volume_ratio": 0.7440090203690812,
    "price_momentum": -0.0044959106477160836,
    "current_price": 0.5105000138282776,
    "sma_20": 0.5210249960422516
  },
  "SAVA": {
    "score": 25,
    "rsi": 52.25225960547116,
    "volume_ratio": 0.6309459031739063,
    "price_momentum": -0.0038087668481528447,
    "current_price": 2.065000057220459,
    "sma_20": 2.103749990463257
  },
  "ADTX": {
    "score": 25,
    "rsi": 36.78160273803296,
    "volume_ratio": 0.584430256693203,
    "price_momentum": -0.01081475653663746,
    "current_price": 1.3899999856948853,
    "sma_20": 1.534250009059906
  },
  "BNGO": {
    "score": 50,
    "rsi": 33.70978075493777,
    "volume_ratio": 1.1706787373931717,
    "price_momentum": -0.008406833543519144,
    "current_price": 3.3845999240875244,
    "sma_20": 3.64723002910614
  },
  "OCGN": {
    "score": 50,
    "rsi": 75.04456536313467,
    "volume_ratio": 0.795136778318348,
    "price_momentum": 0.02435219676590087,
    "current_price": 1.1150000095367432,
    "sma_20": 0.9925000011920929
  },
  "HYMC": {
    "score": 50,
    "rsi": 53.535353859699434,
    "volume_ratio": 2.1273679630320763,
    "price_momentum": -0.01035512061593804,
    "current_price": 3.25,
    "sma_20": 3.4632500052452087
  },
  "MULN": {
    "score": 50,
    "rsi": 34.72843515456684,
    "volume_ratio": 1.5599028193900082,
    "price_momentum": -0.1970714330891708,
    "current_price": 1.440000057220459,
    "sma_20": 8.422499972581864
  },
  "EEGI": {
    "score": 75,
    "rsi": 50.0,
    "volume_ratio": 0.5028623685270514,
    "price_momentum": 0.033333345459930344,
    "current_price": 0.0003000000142492354,
    "sma_20": 0.0002825000112352427
  },
  "OZSC": {
    "score": 75,
    "rsi": 50.0,
    "volume_ratio": 0.5497016068996402,
    "price_momentum": 0.020000006063298503,
    "current_price": 0.0003000000142492354,
    "sma_20": 0.0002875000122003257
  },
  "OPTI": {
    "score": 25,
    "rsi": 35.71428422939654,
    "volume_ratio": 0.9620845247518378,
    "price_momentum": -0.0049165575807617375,
    "current_price": 0.0015999999595806003,
    "sma_20": 0.0019400000106543302
  },
  "CRYBF": {
    "score": 75,
    "rsi": 40.74074372165288,
    "volume_ratio": 2.451871648297757,
    "price_momentum": 0.0005505466846755346,
    "current_price": 0.029999999329447746,
    "sma_20": 0.03122499994933605
  },
  "WDLF": {
    "score": 25,
    "rsi": 42.85714523296623,
    "volume_ratio": 0.8212298200519776,
    "price_momentum": -0.020833330171755638,
    "current_price": 0.0003000000142492354,
    "sma_20": 0.00037499999307328836
  },
  "SIRC": {
    "score": 0,
    "rsi": null,
    "volume_ratio": 0.0,
    "price_momentum": 0.0,
    "current_price": 9.999999747378752e-05,
    "sma_20": 9.999999747378752e-05
  },
  "HMBL": {
    "score": 25,
    "rsi": 33.33333333333333,
    "volume_ratio": 0.8586364767636209,
    "price_momentum": -0.033333338183971516,
    "current_price": 0.00019999999494757503,
    "sma_20": 0.0002850000113539863
  },
  "RGBP": {
    "score": 75,
    "rsi": 56.956820233060704,
    "volume_ratio": 1.0392812027092864,
    "price_momentum": 0.04121651964523136,
    "current_price": 0.061400000005960464,
    "sma_20": 0.05393149983137846
  },
  "DPLS": {
    "score": 25,
    "rsi": 50.0,
    "volume_ratio": 0.7711609995954009,
    "price_momentum": -0.02499999350360902,
    "current_price": 0.0003000000142492354,
    "sma_20": 0.00034500000037951395
  },
  "AITX": {
    "score": 75,
    "rsi": 54.901958322628644,
    "volume_ratio": 0.31857582261133155,
    "price_momentum": 0.01416327411973407,
    "current_price": 0.00139999995008111,
    "sma_20": 0.0013919999822974206
  },
  "IBIO": {
    "score": 25,
    "rsi": 55.05618203274773,
    "volume_ratio": 0.7553986139191946,
    "price_momentum": -0.011847824012684537,
    "current_price": 0.8610000014305115,
    "sma_20": 0.8715499967336655
  },
  "JAGX": {
    "score": 0,
    "rsi": 13.543252979223638,
    "volume_ratio": 0.9331157913487751,
    "price_momentum": -0.030706499751099403,
    "current_price": 2.897200107574463,
    "sma_20": 3.988109993934631
  },
  "VISL": {
    "score": 25,
    "rsi": 33.12101930173117,
    "volume_ratio": 0.6292947558770343,
    "price_momentum": -0.0022017605542822617,
    "current_price": 2.259999990463257,
    "sma_20": 2.5355000138282775
  },
  "SKLZ": {
    "score": 75,
    "rsi": 54.45544788175963,
    "volume_ratio": 0.6266398114622895,
    "price_momentum": 0.0016892000421929287,
    "current_price": 6.309999942779541,
    "sma_20": 6.272000002861023
  },
  "MRIN": {
    "score": 75,
    "rsi": 59.22221888768479,
    "volume_ratio": 0.5938526556058499,
    "price_momentum": 0.09931597470711159,
    "current_price": 1.269700050354004,
    "sma_20": 0.949485006928444
  },
  "RELI": {
    "score": 75,
    "rsi": 85.1851834537503,
    "volume_ratio": 3.9490829112879906,
    "price_momentum": 0.10107822150667056,
    "current_price": 2.809999942779541,
    "sma_20": 1.4065500020980835
  },
  "SOFI": {
    "score": 75,
    "rsi": 66.69768105358074,
    "volume_ratio": 1.049416787083975,
    "price_momentum": 0.011262786397441615,
    "current_price": 14.96500015258789,
    "sma_20": 13.889750051498414
  },
  "OPEN": {
    "score": 25,
    "rsi": 38.41435045844102,