{
  "SNDL": {
    "score": 25,
    "rsi": 45.61404242592821,
    "volume_ratio": 0.9606312431797196,
    "price_momentum": -0.0009010783220998353,
    "current_price": 1.274999976158142,
    "sma_20": 1.3012499868869782
  },
  "NOK": {
    "score": 25,
    "rsi": 39.378243974558146,
    "volume_ratio": 0.9765611871708039,
    "price_momentum": -0.00490449652277869,
    "current_price": 5.144999980926514,
    "sma_20": 5.321749997138977
  },
  "BBD": {
    "score": 50,
    "rsi": 71.73910789994713,
    "volume_ratio": 0.7876856953545849,
    "price_momentum": 0.0051318976806979276,
    "current_price": 3.0799999237060547,
    "sma_20": 2.9139999985694884
  },
  "TLRY": {
    "score": 25,
    "rsi": 31.67420692441496,
    "volume_ratio": 0.6336316858596415,
    "price_momentum": -0.006804317632686352,
    "current_price": 0.3790000081062317,
    "sma_20": 0.4189499974250793
  },
  "NIO": {
    "score": 25,
    "rsi": 40.20160273604876,
    "volume_ratio": 0.6490528982126679,
    "price_momentum": -0.007947726972339331,
    "current_price": 3.4505999088287354,
    "sma_20": 3.6480299949646
  },
  "WKHS": {
    "score": 75,
    "rsi": 52.866487516333095,
    "volume_ratio": 0.5761556412208193,
    "price_momentum": 0.008572932431487535,
    "current_price": 0.989799976348877,
    "sma_20": 0.9446399956941605
  },
  "CLOV": {
    "score": 0,
    "rsi": 21.621632070932705,
    "volume_ratio": 0.8713892484961517,
    "price_momentum": -0.008859117546689787,
    "current_price": 2.815000057220459,
    "sma_20": 3.0672500252723696
  },
  "AMC": {
    "score": 0,
    "rsi": 28.961753759782,
    "volume_ratio": 0.47886599882667913,
    "price_momentum": -0.011111954508641076,
    "current_price": 3.0350000858306885,
    "sma_20": 3.3127500414848328
  },
  "BB": {
    "score": 75,
    "rsi": 69.08212582643091,
    "volume_ratio": 0.9529320409099138,
    "price_momentum": 0.009251380486057914,
    "current_price": 4.385000228881836,
    "sma_20": 4.082250046730041
  },
  "ATOS": {
    "score": 25,
    "rsi": 58.72641140585218,
    "volume_ratio": 0.7791577471289131,
    "price_momentum": -0.0044806684587791025,
    "current_price": 0.8191999793052673,
    "sma_20": 0.8474599987268447
  },
  "CTXR": {
    "score": 75,
    "rsi": 55.113638720806314,
    "volume_ratio": 0.09939841556679091,
    "price_momentum": 0.015105250534233828,
    "current_price": 0.8500000238418579,
    "sma_20": 0.8424499988555908
  },
  "XELA": {
    "score": 50,
    "rsi": 57.278480413420574,
    "volume_ratio": 0.9092230846797832,
    "price_momentum": 0.4030699176430044,
    "current_price": 0.022199999541044235,
    "sma_20": 0.02960999965434894
  },
  "SENS": {
    "score": 25,
    "rsi": 33.46982800695001,
    "volume_ratio": 0.6884050790843951,
    "price_momentum": -0.006255916598643818,
    "current_price": 0.5016999840736389,
    "sma_20": 0.5205849945545197
  },
  "SAVA": {
    "score": 25,
    "rsi": 53.57142248932652,
    "volume_ratio": 0.6170923221924364,
    "price_momentum": -0.003084135593595383,
    "current_price": 2.0799999237060547,
    "sma_20": 2.1044999837875364
  },
  "ADTX": {
    "score": 25,
    "rsi": 37.209295555986806,
    "volume_ratio": 0.5592269896432233,
    "price_momentum": -0.01010047149138349,
    "current_price": 1.399999976158142,
    "sma_20": 1.5347500085830688
  },
  "BNGO": {
    "score": 25,
    "rsi": 23.94364589122401,
    "volume_ratio": 1.1307848035146588,
    "price_momentum": -0.011615421058971554,
    "current_price": 3.2799999713897705,
    "sma_20": 3.6420000314712526
  },
  "OCGN": {
    "score": 50,
    "rsi": 71.86933363737832,
    "volume_ratio": 0.7790807135387906,
    "price_momentum": 0.020682475607357233,
    "current_price": 1.0750000476837158,
    "sma_20": 0.9905000030994415
  },
  "HYMC": {
    "score": 50,
    "rsi": 53.92320709648237,
    "volume_ratio": 2.0718932085908808,
    "price_momentum": -0.009561466818777897,
    "current_price": 3.2750000953674316,
    "sma_20": 3.4645000100135803
  },
  "MULN": {
    "score": 50,
    "rsi": 34.71745413173009,
    "volume_ratio": 1.531819943664185,
    "price_momentum": -0.1976714387389687,
    "current_price": 1.4300999641418457,
    "sma_20": 8.422004967927933
  },
  "EEGI": {
    "score": 75,
    "rsi": 50.0,
    "volume_ratio": 0.5028623685270514,
    "price_momentum": 0.033333345459930344,
    "current_price": 0.0003000000142492354,
    "sma_20": 0.0002825000112352427
  },
  "OZSC": {
    "score": 75,
    "rsi": 50.0,
    "volume_ratio": 0.6178966318853663,
    "price_momentum": 0.0700000169772352,
    "current_price": 0.0003000000142492354,
    "sma_20": 0.0002825000112352427
  },
  "OPTI": {
    "score": 25,
    "rsi": 35.71428422939654,
    "volume_ratio": 0.9620845247518378,
    "price_momentum": -0.0049165575807617375,
    "current_price": 0.0015999999595806003,
    "sma_20": 0.0019400000106543302
  },
  "CRYBF": {
    "score": 75,
    "rsi": 40.74074372165288,
    "volume_ratio": 2.451871648297757,
    "price_momentum": 0.0005505466846755346,
    "current_price": 0.029999999329447746,
    "sma_20": 0.03122499994933605
  },
  "WDLF": {
    "score": 100,
    "rsi": 50.0,
    "volume_ratio": 1.1715420120568187,
    "price_momentum": 0.004166664371276019,
    "current_price": 0.00039999998989515007,
    "sma_20": 0.0003799999918555841
  },
  "SIRC": {
    "score": 0,
    "rsi": null,
    "volume_ratio": 0.0,
    "price_momentum": 0.0,
    "current_price": 9.999999747378752e-05,
    "sma_20": 9.999999747378752e-05
  },
  "HMBL": {
    "score": 25,
    "rsi": 33.33333333333333,
    "volume_ratio": 0.8586364767636209,
    "price_momentum": -0.033333338183971516,
    "current_price": 0.00019999999494757503,
    "sma_20": 0.0002850000113539863
  },
  "RGBP": {
    "score": 75,
    "rsi": 56.60762978043829,
    "volume_ratio": 0.8329443447037702,
    "price_momentum": 0.05305862093113456,
    "current_price": 0.061400000005960464,
    "sma_20": 0.05336149986833334
  },
  "DPLS": {
    "score": 25,
    "rsi": 50.0,
    "volume_ratio": 0.7711609995954009,
    "price_momentum": -0.02499999350360902,
    "current_price": 0.0003000000142492354,
    "sma_20": 0.00034500000037951395
  },
  "AITX": {
    "score": 75,
    "rsi": 54.901958322628644,
    "volume_ratio": 0.31838860688433746,
    "price_momentum": 0.01416327411973407,
    "current_price": 0.00139999995008111,
    "sma_20": 0.0013919999822974206
  },
  "IBIO": {
    "score": 50,
    "rsi": 58.43916048961691,
    "volume_ratio": 0.6916336666538512,
    "price_momentum": -0.003798444876002627,
    "current_price": 0.9261999726295471,
    "sma_20": 0.8748099952936172
  },
  "JAGX": {
    "score": 0,
    "rsi": 14.421558999176938,
    "volume_ratio": 0.8294662725704285,
    "price_momentum": -0.026258279588227452,
    "current_price": 3.041100025177002,
    "sma_20": 3.995304989814758
  },
  "VISL": {
    "score": 25,
    "rsi": 33.12101930173117,
    "volume_ratio": 0.6292947558770343,
    "price_momentum": -0.0022017605542822617,
    "current_price": 2.259999990463257,
    "sma_20": 2.5355000138282775
  },
  "SKLZ": {
    "score": 50,
    "rsi": 50.53764598631838,
    "volume_ratio": 0.5812702551596408,
    "price_momentum": 0.000405092121468531,
    "current_price": 6.230000019073486,
    "sma_20": 6.26800000667572
  },
  "MRIN": {
    "score": 50,
    "rsi": 51.77665105166191,
    "volume_ratio": 0.15345429655993245,
    "price_momentum": 0.056998325996682586,
    "current_price": 0.9100000262260437,
    "sma_20": 0.9315000057220459
  },
  "RELI": {
    "score": 75,
    "rsi": 86.94767426561627,
    "volume_ratio": 3.941661577751985,
    "price_momentum": 0.11535932908728239,
    "current_price": 3.1198999881744385,
    "sma_20": 1.4220450043678283
  }
}