{
  "SNDL": {
    "score": 50,
    "rsi": 48.096901798862355,
    "volume_ratio": 0.9558867379223295,
    "price_momentum": 0.00019267624720165077,
    "current_price": 1.2890000343322754,
    "sma_20": 1.3019499897956848
  },
  "NOK": {
    "score": 25,
    "rsi": 39.378243974558146,
    "volume_ratio": 0.9763537202278456,
    "price_momentum": -0.00490449652277869,
    "current_price": 5.144999980926514,
    "sma_20": 5.321749997138977
  },
  "BBD": {
    "score": 50,
    "rsi": 73.61475594604654,
    "volume_ratio": 0.7870889532191446,
    "price_momentum": 0.00561086441621278,
    "current_price": 3.0947999954223633,
    "sma_20": 2.914740002155304
  },
  "TLRY": {
    "score": 25,
    "rsi": 31.33392742320632,
    "volume_ratio": 0.6250915634921078,
    "price_momentum": -0.007435899436454674,
    "current_price": 0.3765999972820282,
    "sma_20": 0.4188299968838692
  },
  "NIO": {
    "score": 25,
    "rsi": 40.928266816249966,
    "volume_ratio": 0.6480418530460107,
    "price_momentum": -0.007529122172890246,
    "current_price": 3.4649999141693115,
    "sma_20": 3.6487499952316282
  },
  "WKHS": {
    "score": 75,
    "rsi": 52.866487516333095,
    "volume_ratio": 0.5760991707959908,
    "price_momentum": 0.008572932431487535,
    "current_price": 0.989799976348877,
    "sma_20": 0.9446399956941605
  },
  "CLOV": {
    "score": 0,
    "rsi": 21.94988460672961,
    "volume_ratio": 0.8702949822181006,
    "price_momentum": -0.008565837412434007,
    "current_price": 2.8232998847961426,
    "sma_20": 3.0676650166511537
  },
  "AMC": {
    "score": 0,
    "rsi": 27.777774834338842,
    "volume_ratio": 0.47671674702240263,
    "price_momentum": -0.011611958005446909,
    "current_price": 3.0199999809265137,
    "sma_20": 3.312000036239624
  },
  "BB": {
    "score": 75,
    "rsi": 68.63666327136974,
    "volume_ratio": 0.9503016873900221,
    "price_momentum": 0.008909510437263068,
    "current_price": 4.370299816131592,
    "sma_20": 4.0815150260925295
  },
  "ATOS": {
    "score": 25,
    "rsi": 58.92018734181732,
    "volume_ratio": 0.7790753307111999,
    "price_momentum": -0.004283134251415998,
    "current_price": 0.8208000063896179,
    "sma_20": 0.8475400000810623
  },
  "CTXR": {
    "score": 50,
    "rsi": 54.605588433904735,
    "volume_ratio": 0.09921208478235287,
    "price_momentum": 0.013569491065882112,
    "current_price": 0.836899995803833,
    "sma_20": 0.8417949974536896
  },
  "XELA": {
    "score": 50,
    "rsi": 57.278480413420574,
    "volume_ratio": 0.9092230846797832,
    "price_momentum": 0.4030699176430044,
    "current_price": 0.022199999541044235,
    "sma_20": 0.02960999965434894
  },
  "SENS": {
    "score": 25,
    "rsi": 34.67338790596256,
    "volume_ratio": 0.6876527980958642,
    "price_momentum": -0.0058959164651294135,
    "current_price": 0.5034999847412109,
    "sma_20": 0.5206749945878982
  },
  "SAVA": {
    "score": 25,
    "rsi": 52.75305355682181,
    "volume_ratio": 0.6168641475684484,
    "price_momentum": -0.0035527260179908484,
    "current_price": 2.0703001022338867,
    "sma_20": 2.1040149927139282
  },
  "ADTX": {
    "score": 25,
    "rsi": 37.209295555986806,
    "volume_ratio": 0.5590912405150277,
    "price_momentum": -0.01010047149138349,
    "current_price": 1.399999976158142,
    "sma_20": 1.5347500085830688
  },
  "BNGO": {
    "score": 25,
    "rsi": 23.94364589122401,
    "volume_ratio": 1.1304867831467649,
    "price_momentum": -0.011615421058971554,
    "current_price": 3.2799999713897705,
    "sma_20": 3.6420000314712526
  },
  "OCGN": {
    "score": 75,
    "rsi": 69.51027309117617,
    "volume_ratio": 0.7731208678576041,
    "price_momentum": 0.018966878997144367,
    "current_price": 1.0563000440597534,
    "sma_20": 0.9895650029182435
  },
  "HYMC": {
    "score": 50,
    "rsi": 53.99999984105429,
    "volume_ratio": 2.0674911570668457,
    "price_momentum": -0.009402740600652004,
    "current_price": 3.2799999713897705,
    "sma_20": 3.4647500038146974
  },
  "MULN": {
    "score": 50,
    "rsi": 34.73931195202559,
    "volume_ratio": 1.5271368185550833,
    "price_momentum": -0.1964774962760195,
    "current_price": 1.4498000144958496,
    "sma_20": 8.422989970445633
  },
  "EEGI": {
    "score": 75,
    "rsi": 50.0,
    "volume_ratio": 0.5028623685270514,
    "price_momentum": 0.033333345459930344,
    "current_price": 0.0003000000142492354,
    "sma_20": 0.0002825000112352427
  },
  "OZSC": {
    "score": 75,
    "rsi": 50.0,
    "volume_ratio": 0.6178966318853663,
    "price_momentum": 0.0700000169772352,
    "current_price": 0.0003000000142492354,
    "sma_20": 0.0002825000112352427
  },
  "OPTI": {
    "score": 25,
    "rsi": 35.71428422939654,
    "volume_ratio": 0.9620845247518378,
    "price_momentum": -0.0049165575807617375,
    "current_price": 0.0015999999595806003,
    "sma_20": 0.0019400000106543302
  },
  "CRYBF": {
    "score": 75,
    "rsi": 40.74074372165288,
    "volume_ratio": 2.451871648297757,
    "price_momentum": 0.0005505466846755346,
    "current_price": 0.029999999329447746,
    "sma_20": 0.03122499994933605
  },
  "WDLF": {
    "score": 100,
    "rsi": 50.0,
    "volume_ratio": 1.1715420120568187,
    "price_momentum": 0.004166664371276019,
    "current_price": 0.00039999998989515007,
    "sma_20": 0.0003799999918555841
  },
  "SIRC": {
    "score": 0,
    "rsi": null,
    "volume_ratio": 0.0,
    "price_momentum": 0.0,
    "current_price": 9.999999747378752e-05,
    "sma_20": 9.999999747378752e-05
  },
  "HMBL": {
    "score": 25,
    "rsi": 33.33333333333333,
    "volume_ratio": 0.8586364767636209,
    "price_momentum": -0.033333338183971516,
    "current_price": 0.00019999999494757503,
    "sma_20": 0.0002850000113539863
  },
  "RGBP": {
    "score": 75,
    "rsi": 56.60762978043829,
    "volume_ratio": 0.8329443447037702,
    "price_momentum": 0.05305862093113456,
    "current_price": 0.061400000005960464,
    "sma_20": 0.05336149986833334
  },
  "DPLS": {
    "score": 25,
    "rsi": 50.0,
    "volume_ratio": 0.7711609995954009,
    "price_momentum": -0.02499999350360902,
    "current_price": 0.0003000000142492354,
    "sma_20": 0.00034500000037951395
  },
  "AITX": {
    "score": 75,
    "rsi": 61.68224492260557,
    "volume_ratio": 0.3500518859947672,
    "price_momentum": 0.010600973609615715,
    "current_price": 0.001500000013038516,
    "sma_20": 0.0013944999838713557
  },
  "IBIO": {
    "score": 50,
    "rsi": 57.870101624357474,
    "volume_ratio": 0.6828326708180321,
    "price_momentum": -0.005242886172602335,
    "current_price": 0.9144999980926514,
    "sma_20": 0.8742249965667724
  },
  "JAGX": {
    "score": 0,
    "rsi": 14.512470699109329,
    "volume_ratio": 0.8122470617137094,
    "price_momentum": -0.025828602863932272,
    "current_price": 3.055000066757202,
    "sma_20": 3.9959999918937683
  },
  "VISL": {
    "score": 25,
    "rsi": 33.12101930173117,
    "volume_ratio": 0.6292947558770343,
    "price_momentum": -0.0022017605542822617,
    "current_price": 2.259999990463257,
    "sma_20": 2.5355000138282775
  },
  "SKLZ": {
    "score": 50,
    "rsi": 50.53764598631838,
    "volume_ratio": 0.5809264161628933,
    "price_momentum": 0.000405092121468531,
    "current_price": 6.230000019073486,
    "sma_20": 6.26800000667572
  },
  "MRIN": {
    "score": 50,
    "rsi": 51.26705733484317,
    "volume_ratio": 0.15116979662369634,
    "price_momentum": 0.054574794195782275,
    "current_price": 0.8894000053405762,
    "sma_20": 0.9304700046777725
  },
  "RELI": {
    "score": 75,
    "rsi": 88.3361912890687,
    "volume_ratio": 3.9400019901659755,
    "price_momentum": 0.12964965478682666,
    "current_price": 3.430000066757202,
    "sma_20": 1.4375500082969666
  }
}