{
  "SNDL": {
    "score": 25,
    "rsi": 47.46061504415541,
    "volume_ratio": 0.9784475598416869,
    "price_momentum": -8.076006681723147e-05,
    "current_price": 1.2855000495910645,
    "sma_20": 1.3017749905586242
  },
  "NOK": {
    "score": 25,
    "rsi": 39.89639046681609,
    "volume_ratio": 1.0089767960441516,
    "price_momentum": -0.0047103173247854515,
    "current_price": 5.15500020980835,
    "sma_20": 5.322250008583069
  },
  "BBD": {
    "score": 50,
    "rsi": 73.33330860844627,
    "volume_ratio": 0.8060282404971397,
    "price_momentum": 0.005455521976524003,
    "current_price": 3.0899999141693115,
    "sma_20": 2.9144999980926514
  },
  "TLRY": {
    "score": 25,
    "rsi": 31.803724410419036,
    "volume_ratio": 0.7025940584650345,
    "price_momentum": -0.006567475436612791,
    "current_price": 0.3799000084400177,
    "sma_20": 0.41899499744176866
  },
  "NIO": {
    "score": 25,
    "rsi": 39.48497933127005,
    "volume_ratio": 0.6638875702568422,
    "price_momentum": -0.008401214349947094,
    "current_price": 3.434999942779541,
    "sma_20": 3.64724999666214
  },
  "WKHS": {
    "score": 75,
    "rsi": 52.839269819437476,
    "volume_ratio": 0.5792871285995266,
    "price_momentum": 0.00854200561001266,
    "current_price": 0.9894999861717224,
    "sma_20": 0.9446249961853027
  },
  "CLOV": {
    "score": 0,
    "rsi": 28.813581924173263,
    "volume_ratio": 0.8960560474382052,
    "price_momentum": -0.006562295674859564,
    "current_price": 2.880000114440918,
    "sma_20": 3.0705000281333925
  },
  "AMC": {
    "score": 25,
    "rsi": 30.85105789360749,
    "volume_ratio": 0.4856983680683248,
    "price_momentum": -0.010278625943679332,
    "current_price": 3.059999942779541,
    "sma_20": 3.3140000343322753
  },
  "BB": {
    "score": 75,
    "rsi": 68.00319448831569,
    "volume_ratio": 1.0011547295551058,
    "price_momentum": 0.008439748232616529,
    "current_price": 4.350100040435791,
    "sma_20": 4.08050503730774
  },
  "ATOS": {
    "score": 25,
    "rsi": 59.04037245743012,
    "volume_ratio": 0.7906644149044708,
    "price_momentum": -0.004159679051113118,
    "current_price": 0.8217999935150146,
    "sma_20": 0.8475899994373322
  },
  "CTXR": {
    "score": 75,
    "rsi": 56.68342514635586,
    "volume_ratio": 0.10130034232318381,
    "price_momentum": 0.02097863503346221,
    "current_price": 0.9000999927520752,
    "sma_20": 0.8449549973011017
  },
  "SENS": {
    "score": 25,
    "rsi": 38.679263849769484,
    "volume_ratio": 0.712800660611516,
    "price_momentum": -0.004595915320720234,
    "current_price": 0.5099999904632568,
    "sma_20": 0.5209999948740005
  },
  "SAVA": {
    "score": 25,
    "rsi": 53.982303872420445,
    "volume_ratio": 0.6229775995869369,
    "price_momentum": -0.0028425841635388305,
    "current_price": 2.0850000381469727,
    "sma_20": 2.1047499895095827
  },
  "ADTX": {
    "score": 25,
    "rsi": 35.95505031035951,
    "volume_ratio": 0.5799577582591042,
    "price_momentum": -0.012243326627145413,
    "current_price": 1.3700000047683716,
    "sma_20": 1.5332500100135804
  },
  "BNGO": {
    "score": 25,
    "rsi": 24.96872763893674,
    "volume_ratio": 1.1468774893250908,
    "price_momentum": -0.011317873208691686,
    "current_price": 3.2897000312805176,
    "sma_20": 3.64248503446579
  },
  "OCGN": {
    "score": 50,
    "rsi": 75.04456536313467,
    "volume_ratio": 0.7908753355106888,
    "price_momentum": 0.02435219676590087,
    "current_price": 1.1150000095367432,
    "sma_20": 0.9925000011920929
  },
  "HYMC": {
    "score": 50,
    "rsi": 53.37837886819006,
    "volume_ratio": 2.119392289974681,
    "price_momentum": -0.010672580621033378,
    "current_price": 3.240000009536743,
    "sma_20": 3.4627500057220457
  },
  "MULN": {
    "score": 50,
    "rsi": 34.76675620888952,
    "volume_ratio": 1.5502658434032572,
    "price_momentum": -0.19498053101945906,
    "current_price": 1.4744999408721924,
    "sma_20": 8.42422496676445
  },
  "EEGI": {
    "score": 75,
    "rsi": 50.0,
    "volume_ratio": 0.5028623685270514,
    "price_momentum": 0.033333345459930344,
    "current_price": 0.0003000000142492354,
    "sma_20": 0.0002825000112352427
  },
  "OZSC": {
    "score": 75,
    "rsi": 50.0,
    "volume_ratio": 0.5441166085669616,
    "price_momentum": 0.020000006063298503,
    "current_price": 0.0003000000142492354,
    "sma_20": 0.0002875000122003257
  },
  "OPTI": {
    "score": 25,
    "rsi": 35.71428422939654,
    "volume_ratio": 0.9620845247518378,
    "price_momentum": -0.0049165575807617375,
    "current_price": 0.0015999999595806003,
    "sma_20": 0.0019400000106543302
  },
  "CRYBF": {
    "score": 75,
    "rsi": 40.74074372165288,
    "volume_ratio": 2.451871648297757,
    "price_momentum": 0.0005505466846755346,
    "current_price": 0.029999999329447746,
    "sma_20": 0.03122499994933605
  },
  "WDLF": {
    "score": 25,
    "rsi": 42.85714523296623,
    "volume_ratio": 0.8212298200519776,
    "price_momentum": -0.020833330171755638,
    "current_price": 0.0003000000142492354,
    "sma_20": 0.00037499999307328836
  },
  "SIRC": {
    "score": 0,
    "rsi": null,
    "volume_ratio": 0.0,
    "price_momentum": 0.0,
    "current_price": 9.999999747378752e-05,
    "sma_20": 9.999999747378752e-05
  },
  "HMBL": {
    "score": 25,
    "rsi": 33.33333333333333,
    "volume_ratio": 0.8586364767636209,
    "price_momentum": -0.033333338183971516,
    "current_price": 0.00019999999494757503,
    "sma_20": 0.0002850000113539863
  },
  "RGBP": {
    "score": 75,
    "rsi": 56.956820233060704,
    "volume_ratio": 1.0392812027092864,
    "price_momentum": 0.04121651964523136,
    "current_price": 0.061400000005960464,
    "sma_20": 0.05393149983137846
  },
  "DPLS": {
    "score": 25,
    "rsi": 50.0,
    "volume_ratio": 0.7711609995954009,
    "price_momentum": -0.02499999350360902,
    "current_price": 0.0003000000142492354,
    "sma_20": 0.00034500000037951395
  },
  "AITX": {
    "score": 75,
    "rsi": 59.80392235189088,
    "volume_ratio": 0.31857582261133155,
    "price_momentum": 0.021059830273468128,
    "current_price": 0.001500000013038516,
    "sma_20": 0.0013969999854452908
  },
  "IBIO": {
    "score": 50,
    "rsi": 55.75221491783628,
    "volume_ratio": 0.7430290673828529,
    "price_momentum": -0.010292267884793583,
    "current_price": 0.8736000061035156,
    "sma_20": 0.8721799969673156
  },
  "JAGX": {
    "score": 0,
    "rsi": 13.335554307844347,
    "volume_ratio": 0.897261166985401,
    "price_momentum": -0.03184406226412122,
    "current_price": 2.8603999614715576,
    "sma_20": 3.986269986629486
  },
  "VISL": {
    "score": 25,
    "rsi": 33.12101930173117,
    "volume_ratio": 0.6292947558770343,
    "price_momentum": -0.0022017605542822617,
    "current_price": 2.259999990463257,
    "sma_20": 2.5355000138282775
  },
  "SKLZ": {
    "score": 75,
    "rsi": 56.80750437995781,
    "volume_ratio": 0.6182424950823826,
    "price_momentum": 0.0025720223242192254,
    "current_price": 6.364999771118164,
    "sma_20": 6.274749994277954
  },
  "MRIN": {
    "score": 75,
    "rsi": 55.371822864747635,
    "volume_ratio": 0.4653293461982132,
    "price_momentum": 0.07566890543936375,
    "current_price": 1.0686999559402466,
    "sma_20": 0.939435002207756
  },
  "RELI": {
    "score": 75,
    "rsi": 85.97938048040113,
    "volume_ratio": 3.946965757442269,
    "price_momentum": 0.10706900997995668,
    "current_price": 2.940000057220459,
    "sma_20": 1.4130500078201294
  }
}