{
  "is_trained": true,
  "training_stats": {
    "train_score": 0.7679460414324715,
    "test_score": 0.75208734746307,
    "cv_mean": 0.6929627868503301,
    "cv_std": 0.031057987145383006,
    "total_samples": 7784,
    "train_samples": 6227,
    "test_samples": 1557,
    "categories": [
      "Commercial Spam",
      "Dangerous",
      "Legitimate Marketing",
      "Scams"
    ],
    "classification_report": {
      "Commercial Spam": {
        "precision": 0.7937273823884198,
        "recall": 0.8235294117647058,
        "f1-score": 0.8083538083538083,
        "support": 799.0
      },
      "Dangerous": {
        "precision": 0.7647058823529411,
        "recall": 0.7890173410404624,
        "f1-score": 0.7766714082503556,
        "support": 346.0
      },
      "Legitimate Marketing": {
        "precision": 0.6758409785932722,
        "recall": 0.6405797101449275,
        "f1-score": 0.6577380952380952,
        "support": 345.0
      },
      "Scams": {
        "precision": 0.4318181818181818,
        "recall": 0.2835820895522388,
        "f1-score": 0.34234234234234234,
        "support": 67.0
      },
      "accuracy": 0.75208734746307,
      "macro avg": {
        "precision": 0.6665231062882037,
        "recall": 0.6341771381255837,
        "f1-score": 0.6462764135461504,
        "support": 1557.0
      },
      "weighted avg": {
        "precision": 0.7455834101598987,
        "recall": 0.75208734746307,
        "f1-score": 0.7478866923078971,
        "support": 1557.0
      }
    },
    "confusion_matrix": [
      [
        658,
        54,
        72,
        15
      ],
      [
        46,
        273,
        24,
        3
      ],
      [
        103,
        14,
        221,
        7
      ],
      [
        22,
        16,
        10,
        19
      ]
    ]
  },
  "categories": [
    "Commercial Spam",
    "Dangerous",
    "Legitimate Marketing",
    "Scams"
  ],
  "subcategory_patterns": [
    "Auto warranty & insurance",
    "Phishing attempts",
    "Adult & dating services",
    "Health & medical products"
  ],
  "version": "2.0"
}