{
  "SNDL": {
    "score": 25,
    "rsi": 46.329303756194655,
    "volume_ratio": 0.973916803141528,
    "price_momentum": -0.0005573271521258305,
    "current_price": 1.2793999910354614,
    "sma_20": 1.3014699876308442
  },
  "NOK": {
    "score": 25,
    "rsi": 39.17525874553518,
    "volume_ratio": 1.0012740254259245,
    "price_momentum": -0.005001586121775314,
    "current_price": 5.139999866485596,
    "sma_20": 5.321499991416931
  },
  "BBD": {
    "score": 50,
    "rsi": 72.55936744621033,
    "volume_ratio": 0.8024642490011088,
    "price_momentum": 0.005300187252647059,
    "current_price": 3.085200071334839,
    "sma_20": 2.914260005950928
  },
  "TLRY": {
    "score": 25,
    "rsi": 31.688543738989395,
    "volume_ratio": 0.6756166935654365,
    "price_momentum": -0.006778005318774405,
    "current_price": 0.3790999948978424,
    "sma_20": 0.41895499676465986
  },
  "NIO": {
    "score": 25,
    "rsi": 40.17094400263443,
    "volume_ratio": 0.6560875344731251,
    "price_momentum": -0.007965164796032409,
    "current_price": 3.450000047683716,
    "sma_20": 3.6480000019073486
  },
  "WKHS": {
    "score": 75,
    "rsi": 51.98902937973316,
    "volume_ratio": 0.5790883518681718,
    "price_momentum": 0.007593554409009817,
    "current_price": 0.9803000092506409,
    "sma_20": 0.9441649973392486
  },
  "CLOV": {
    "score": 0,
    "rsi": 23.636366000843566,
    "volume_ratio": 0.8862863425587875,
    "price_momentum": -0.007975730351537013,
    "current_price": 2.8399999141693115,
    "sma_20": 3.068500018119812
  },
  "AMC": {
    "score": 25,
    "rsi": 30.10752164417542,
    "volume_ratio": 0.48306130158234434,
    "price_momentum": -0.010611958959121226,
    "current_price": 3.049999952316284,
    "sma_20": 3.3135000348091124
  },
  "BB": {
    "score": 75,
    "rsi": 67.99999046325911,
    "volume_ratio": 0.9824357048900415,
    "price_momentum": 0.00843741949311001,
    "current_price": 4.349999904632568,
    "sma_20": 4.0805000305175785
  },
  "ATOS": {
    "score": 25,
    "rsi": 59.32596893459231,
    "volume_ratio": 0.7872857711953376,
    "price_momentum": -0.003863385098666594,
    "current_price": 0.8241999745368958,
    "sma_20": 0.8477099984884262
  },
  "CTXR": {
    "score": 75,
    "rsi": 56.37397868958162,
    "volume_ratio": 0.10053325984492069,
    "price_momentum": 0.019771134351292973,
    "current_price": 0.8898000121116638,
    "sma_20": 0.8444399982690811
  },
  "XELA": {
    "score": 50,
    "rsi": 57.278480413420574,
    "volume_ratio": 0.9092230846797832,
    "price_momentum": 0.4030699176430044,
    "current_price": 0.022199999541044235,
    "sma_20": 0.02960999965434894
  },
  "SENS": {
    "score": 25,
    "rsi": 32.36216990336125,
    "volume_ratio": 0.6981836127462427,
    "price_momentum": -0.00657591009458498,
    "current_price": 0.5001000165939331,
    "sma_20": 0.5205049961805344
  },
  "SAVA": {
    "score": 25,
    "rsi": 53.982303872420445,
    "volume_ratio": 0.6199914090266087,
    "price_momentum": -0.0028425841635388305,
    "current_price": 2.0850000381469727,
    "sma_20": 2.1047499895095827
  },
  "ADTX": {
    "score": 25,
    "rsi": 36.1581860783697,
    "volume_ratio": 0.5733872042619305,
    "price_momentum": -0.011886184104518426,
    "current_price": 1.375,
    "sma_20": 1.5335000097751617
  },
  "BNGO": {
    "score": 25,
    "rsi": 21.126746374609425,
    "volume_ratio": 1.1348916090421883,
    "price_momentum": -0.012842413757439108,
    "current_price": 3.240000009536743,
    "sma_20": 3.640000033378601
  },
  "OCGN": {
    "score": 50,
    "rsi": 74.59165409488237,
    "volume_ratio": 0.7855551811972985,
    "price_momentum": 0.023434766476264957,
    "current_price": 1.1050000190734863,
    "sma_20": 0.9920000016689301
  },
  "HYMC": {
    "score": 50,
    "rsi": 53.6912753288716,
    "volume_ratio": 2.106158400282456,
    "price_momentum": -0.01003766061084268,
    "current_price": 3.259999990463257,
    "sma_20": 3.4637500047683716
  },
  "MULN": {
    "score": 50,
    "rsi": 34.750640014377055,
    "volume_ratio": 1.5439008528892575,
    "price_momentum": -0.19585931301550377,
    "current_price": 1.4600000381469727,
    "sma_20": 8.423499971628189
  },
  "EEGI": {
    "score": 75,
    "rsi": 50.0,
    "volume_ratio": 0.5028623685270514,
    "price_momentum": 0.033333345459930344,
    "current_price": 0.0003000000142492354,
    "sma_20": 0.0002825000112352427
  },
  "OZSC": {
    "score": 75,
    "rsi": 50.0,
    "volume_ratio": 0.6178966318853663,
    "price_momentum": 0.0700000169772352,
    "current_price": 0.0003000000142492354,
    "sma_20": 0.0002825000112352427
  },
  "OPTI": {
    "score": 25,
    "rsi": 35.71428422939654,
    "volume_ratio": 0.9620845247518378,
    "price_momentum": -0.0049165575807617375,
    "current_price": 0.0015999999595806003,
    "sma_20": 0.0019400000106543302
  },
  "CRYBF": {
    "score": 75,
    "rsi": 40.74074372165288,
    "volume_ratio": 2.451871648297757,
    "price_momentum": 0.0005505466846755346,
    "current_price": 0.029999999329447746,
    "sma_20": 0.03122499994933605
  },
  "WDLF": {
    "score": 100,
    "rsi": 50.0,
    "volume_ratio": 1.1715420120568187,
    "price_momentum": 0.004166664371276019,
    "current_price": 0.00039999998989515007,
    "sma_20": 0.0003799999918555841
  },
  "SIRC": {
    "score": 0,
    "rsi": null,
    "volume_ratio": 0.0,
    "price_momentum": 0.0,
    "current_price": 9.999999747378752e-05,
    "sma_20": 9.999999747378752e-05
  },
  "HMBL": {
    "score": 25,
    "rsi": 33.33333333333333,
    "volume_ratio": 0.8586364767636209,
    "price_momentum": -0.033333338183971516,
    "current_price": 0.00019999999494757503,
    "sma_20": 0.0002850000113539863
  },
  "RGBP": {
    "score": 75,
    "rsi": 56.60762978043829,
    "volume_ratio": 0.8329443447037702,
    "price_momentum": 0.05305862093113456,
    "current_price": 0.061400000005960464,
    "sma_20": 0.05336149986833334
  },
  "DPLS": {
    "score": 25,
    "rsi": 50.0,
    "volume_ratio": 0.7711609995954009,
    "price_momentum": -0.02499999350360902,
    "current_price": 0.0003000000142492354,
    "sma_20": 0.00034500000037951395
  },
  "AITX": {
    "score": 75,
    "rsi": 59.80392235189088,
    "volume_ratio": 0.31857582261133155,
    "price_momentum": 0.021059830273468128,
    "current_price": 0.001500000013038516,
    "sma_20": 0.0013969999854452908
  },
  "IBIO": {
    "score": 50,
    "rsi": 57.14285815654168,
    "volume_ratio": 0.7194335163340946,
    "price_momentum": -0.007033012332087441,
    "current_price": 0.8999999761581421,
    "sma_20": 0.873499995470047
  },
  "JAGX": {
    "score": 0,
    "rsi": 13.910622665976817,
    "volume_ratio": 0.8879964495410204,
    "price_momentum": -0.028777601258973516,
    "current_price": 2.9595999717712402,
    "sma_20": 3.9912299871444703
  },
  "VISL": {
    "score": 25,
    "rsi": 33.12101930173117,
    "volume_ratio": 0.6292947558770343,
    "price_momentum": -0.0022017605542822617,
    "current_price": 2.259999990463257,
    "sma_20": 2.5355000138282775
  },
  "SKLZ": {
    "score": 75,
    "rsi": 55.5984575532575,
    "volume_ratio": 0.5927165079520385,
    "price_momentum": 0.002106535881817062,
    "current_price": 6.335999965667725,
    "sma_20": 6.273300004005432
  },
  "MRIN": {
    "score": 75,
    "rsi": 55.617847042369085,
    "volume_ratio": 0.4207103167234339,
    "price_momentum": 0.07705714666342153,
    "current_price": 1.0805000066757202,
    "sma_20": 0.9400250047445298
  },
  "RELI": {
    "score": 75,
    "rsi": 85.47008425090947,
    "volume_ratio": 3.9454278772593665,
    "price_momentum": 0.10315195766850511,
    "current_price": 2.8550000190734863,
    "sma_20": 1.4088000059127808
  }
}