{
  "SNDL": {
    "score": 50,
    "rsi": 48.2580198934231,
    "volume_ratio": 0.9829632798652018,
    "price_momentum": 0.0002629817899308273,
    "current_price": 1.2898999452590942,
    "sma_20": 1.3019949853420258
  },
  "NOK": {
    "score": 25,
    "rsi": 40.81028749892335,
    "volume_ratio": 1.0240516069619594,
    "price_momentum": -0.004421002171261945,
    "current_price": 5.169899940490723,
    "sma_20": 5.322994995117187
  },
  "F": {
    "score": 75,
    "rsi": 55.31188640606458,
    "volume_ratio": 0.7419831611975644,
    "price_momentum": 0.0021401566625899315,
    "current_price": 10.450599670410156,
    "sma_20": 10.359029960632324
  },
  "BBD": {
    "score": 50,
    "rsi": 74.19353019352404,
    "volume_ratio": 0.8142198400162667,
    "price_momentum": 0.0059409622781690374,
    "current_price": 3.1050000190734863,
    "sma_20": 2.91525000333786
  },
  "TLRY": {
    "score": 25,
    "rsi": 31.531527903296563,
    "volume_ratio": 0.7377172552010625,
    "price_momentum": -0.00706747998538837,
    "current_price": 0.3779999911785126,
    "sma_20": 0.41889999657869337
  },
  "NIO": {
    "score": 25,
    "rsi": 39.96054510493664,
    "volume_ratio": 0.6703320878319946,
    "price_momentum": -0.008084353291282686,
    "current_price": 3.4458999633789062,
    "sma_20": 3.6477949976921082
  },
  "WKHS": {
    "score": 75,
    "rsi": 52.24171605642574,
    "volume_ratio": 0.581432446264739,
    "price_momentum": 0.007871901947092263,
    "current_price": 0.9829999804496765,
    "sma_20": 0.9442999958992004
  },
  "CLOV": {
    "score": 25,
    "rsi": 30.0000198681944,
    "volume_ratio": 0.9074042614487814,
    "price_momentum": -0.006208939111861456,
    "current_price": 2.890000104904175,
    "sma_20": 3.071000027656555
  },
  "AMC": {
    "score": 25,
    "rsi": 30.10752164417542,
    "volume_ratio": 0.49159357044457386,
    "price_momentum": -0.010611958959121226,
    "current_price": 3.049999952316284,
    "sma_20": 3.3135000348091124
  },
  "BB": {
    "score": 75,
    "rsi": 68.4728927499384,
    "volume_ratio": 1.0193060286603859,
    "price_momentum": 0.008786253581952974,
    "current_price": 4.364999771118164,
    "sma_20": 4.081250023841858
  },
  "ATOS": {
    "score": 25,
    "rsi": 60.03425181978744,
    "volume_ratio": 0.7992526001481427,
    "price_momentum": -0.0031102988106414876,
    "current_price": 0.830299973487854,
    "sma_20": 0.8480149984359742
  },
  "CTXR": {
    "score": 75,
    "rsi": 56.97380286253165,
    "volume_ratio": 0.10299740522668585,
    "price_momentum": 0.02212752331597846,
    "current_price": 0.9099000096321106,
    "sma_20": 0.8454449981451034
  },
  "SENS": {
    "score": 25,
    "rsi": 38.73706859019193,
    "volume_ratio": 0.7370529782221855,
    "price_momentum": -0.004575912001933613,
    "current_price": 0.5101000070571899,
    "sma_20": 0.5210049957036972
  },
  "SAVA": {
    "score": 25,
    "rsi": 53.982303872420445,
    "volume_ratio": 0.6248377721315371,
    "price_momentum": -0.0028425841635388305,
    "current_price": 2.0850000381469727,
    "sma_20": 2.1047499895095827
  },
  "ADTX": {
    "score": 25,
    "rsi": 37.90248057125067,
    "volume_ratio": 0.5840526323617632,
    "price_momentum": -0.009414754101361944,
    "current_price": 1.409600019454956,
    "sma_20": 1.5352300107479095
  },
  "BNGO": {
    "score": 50,
    "rsi": 34.194479995467546,
    "volume_ratio": 1.16695809930124,
    "price_momentum": -0.008222783176058335,
    "current_price": 3.3905999660491943,
    "sma_20": 3.647530031204224
  },
  "OCGN": {
    "score": 50,
    "rsi": 75.04456536313467,
    "volume_ratio": 0.7941263250473383,
    "price_momentum": 0.02435219676590087,
    "current_price": 1.1150000095367432,
    "sma_20": 0.9925000011920929
  },
  "HYMC": {
    "score": 50,
    "rsi": 53.76884614767142,
    "volume_ratio": 2.124611675601889,
    "price_momentum": -0.009878926823873235,
    "current_price": 3.265000104904175,
    "sma_20": 3.4640000104904174
  },
  "MULN": {
    "score": 50,
    "rsi": 34.73953403623963,
    "volume_ratio": 1.5575626415041217,
    "price_momentum": -0.19646537305233727,
    "current_price": 1.4500000476837158,
    "sma_20": 8.422999972105027
  },
  "EEGI": {
    "score": 75,
    "rsi": 50.0,
    "volume_ratio": 0.5028623685270514,
    "price_momentum": 0.033333345459930344,
    "current_price": 0.0003000000142492354,
    "sma_20": 0.0002825000112352427
  },
  "OZSC": {
    "score": 75,
    "rsi": 50.0,
    "volume_ratio": 0.5497016068996402,
    "price_momentum": 0.020000006063298503,
    "current_price": 0.0003000000142492354,
    "sma_20": 0.0002875000122003257
  },
  "OPTI": {
    "score": 25,
    "rsi": 35.71428422939654,
    "volume_ratio": 0.9620845247518378,
    "price_momentum": -0.0049165575807617375,
    "current_price": 0.0015999999595806003,
    "sma_20": 0.0019400000106543302
  },
  "CRYBF": {
    "score": 75,
    "rsi": 40.74074372165288,
    "volume_ratio": 2.451871648297757,
    "price_momentum": 0.0005505466846755346,
    "current_price": 0.029999999329447746,
    "sma_20": 0.03122499994933605
  },
  "WDLF": {
    "score": 25,
    "rsi": 42.85714523296623,
    "volume_ratio": 0.8212298200519776,
    "price_momentum": -0.020833330171755638,
    "current_price": 0.0003000000142492354,
    "sma_20": 0.00037499999307328836
  },
  "SIRC": {
    "score": 0,
    "rsi": null,
    "volume_ratio": 0.0,
    "price_momentum": 0.0,
    "current_price": 9.999999747378752e-05,
    "sma_20": 9.999999747378752e-05
  },
  "HMBL": {
    "score": 25,
    "rsi": 33.33333333333333,
    "volume_ratio": 0.8586364767636209,
    "price_momentum": -0.033333338183971516,
    "current_price": 0.00019999999494757503,
    "sma_20": 0.0002850000113539863
  },
  "RGBP": {
    "score": 75,
    "rsi": 56.956820233060704,
    "volume_ratio": 1.0392812027092864,
    "price_momentum": 0.04121651964523136,
    "current_price": 0.061400000005960464,
    "sma_20": 0.05393149983137846
  },
  "DPLS": {
    "score": 25,
    "rsi": 50.0,
    "volume_ratio": 0.7711609995954009,
    "price_momentum": -0.02499999350360902,
    "current_price": 0.0003000000142492354,
    "sma_20": 0.00034500000037951395
  },
  "AITX": {
    "score": 75,
    "rsi": 54.901958322628644,
    "volume_ratio": 0.31857582261133155,
    "price_momentum": 0.01416327411973407,
    "current_price": 0.00139999995008111,
    "sma_20": 0.0013919999822974206
  },
  "IBIO": {
    "score": 25,
    "rsi": 55.05618203274773,
    "volume_ratio": 0.7476467889987064,
    "price_momentum": -0.011847824012684537,
    "current_price": 0.8610000014305115,
    "sma_20": 0.8715499967336655
  },
  "JAGX": {
    "score": 0,
    "rsi": 13.502678046856772,
    "volume_ratio": 0.9310466387701082,
    "price_momentum": -0.030925977510477633,
    "current_price": 2.8901000022888184,
    "sma_20": 3.987754988670349
  },
  "VISL": {
    "score": 25,
    "rsi": 33.12101930173117,
    "volume_ratio": 0.6292947558770343,
    "price_momentum": -0.0022017605542822617,
    "current_price": 2.259999990463257,
    "sma_20": 2.5355000138282775
  },
  "SKLZ": {
    "score": 75,
    "rsi": 54.00001430509428,
    "volume_ratio": 0.6266398114622895,
    "price_momentum": 0.0015286903790458605,
    "current_price": 6.300000190734863,
    "sma_20": 6.271500015258789
  },
  "MRIN": {
    "score": 75,
    "rsi": 56.814255497788885,
    "volume_ratio": 0.5511785280908466,
    "price_momentum": 0.0840336106831839,
    "current_price": 1.139799952507019,
    "sma_20": 0.9429900020360946
  },
  "RELI": {
    "score": 75,
    "rsi": 86.26262504632906,
    "volume_ratio": 3.9484760413941986,
    "price_momentum": 0.10937315516697792,
    "current_price": 2.990000009536743,
    "sma_20": 1.4155500054359436
  },
  "SOFI": {
    "score": 75,
    "rsi": 66.0939945752559,
    "volume_ratio": 1.0429358007816798,
    "price_momentum": 0.01059958291890305,
    "current_price": 14.86929988861084,
    "sma_20": 13.88496503829956
  },
  "OPEN": {
    "score": 25,